{
  "roles": [
    { "id": 1, "name": "worker" },
    { "id": 2, "name": "customer" }
  ],
  "users": [
    {
      "id": 1,
      "name": "Juan Pérez",
      "identidad": "1234567890",
      "telefono": "3001234567",
      "direccion": "Calle Ficticia 123",
      "email": "juan@mail.com",
      "contrasena": "password123",
      "rolId": 1
    },
    {
      "id": 2,
      "name": "Laura García",
      "identidad": "0987654321",
      "telefono": "3007654321",
      "direccion": "Calle Imaginaria 456",
      "email": "laura@mail.com",
      "contrasena": "password456",
      "rolId": 2
    }
  ],
  "pets": [
    {
      "id": 1,
      "name": "Bobby",
      "peso": 10,
      "edad": 3,
      "raza": "Labrador",
      "anotaciones": "Muy juguetón",
      "temperamento": "Amigable",
      "userId": 2
    },
    {
      "id": 2,
      "name": "Luna",
      "peso": 7,
      "edad": 2,
      "raza": "Chihuahua",
      "anotaciones": "Le tiene miedo a los truenos",
      "temperamento": "Tímido",
      "userId": 2
    }
  ],
  "stays": [
    {
      "id": 1,
      "ingreso": "2025-07-10",
      "salida": "2025-07-15",
      "petId": 1,
      "serviciosAdicionales": ["Corte de pelo", "Baño"],
      "valorDia": 40000,
      "completada": false
    },
    {
      "id": 2,
      "ingreso": "2025-07-05",
      "salida": "2025-07-10",
      "petId": 2,
      "serviciosAdicionales": ["Vacunas", "Chequeo general"],
      "valorDia": 30000,
      "completada": true
    }
  ]
}
